body,title
"
La censura y la desigualdad en el trabajo son circunstancias que el comediante Manuel Nava, mejor conocido como ManuNNa ha enfrentado desde el comienzo de su carrera.
Como miembro de la comunidad LGBT ha tenido que luchar contra estereotipos y dejar claro que no sólo hace ""comedia para gays"", como han juzgado desde los empresarios antes de contratarlo, hasta el público previo a su show.
""Es muy importante poder subir a un escenario y tener algo que decir. No por lo que la gente diga, sino porque al final el Stand up viene de una cuestión muy personal, cuentas tus anécdotas. Yo cuento cómo me va en el gimnasio, cómo voy al super, mi familia, mis relaciones amorosas, mi mascota, todo. Pero resulta que si yo hablo de mis relaciones amorosas pues mi pareja fue un hombre, entonces no es que yo haga comedia para gays, simplemente estoy hablando de eso"", dijo en entrevista. 
Como influencer, el también actor de 29 años asegura que guía sus contenidos a partir del respeto. Para él es importante considerar el poder de la comedia y estar consciente del alcance que uno de sus chistes puede llegar a tener.  
También lee: Michelle Rodríguez sobrepone shows y alegría al Covid
""Ahorita los comediantes dicen `es que ya no se puede hacer comedia de nada´ y yo digo claro que se puede, cuando seas responsable de lo que dices, porque si haces un chiste misógino pues la repercusión es una mujer muerta. Creo que podemos llegar a ese extremo que si tienes un chiste que se replica y se hace viral, al rato todo mundo piensa que las mujeres son tontas o que los gays solamente son mariconcitos"".
Debido a la pandemia, el 4 de agosto presentará su show ""Separadas al nacer"" en un nuevo formato de Stand up con público en autos, el cual hace junto a la también comediante Michelle Rodríguez. Ambos harán su número en vivo y simultáneamente será transmitido en una enorme pantalla para todos los autos asistentes. 
También lee: Michelle Rodríguez ""cotorrea"" con sus amigos en ""Encántame de noche""
 A pesar de que durante este confinamiento ya ha hecho algunas transmisiones virtuales e incluso un espectáculo grabado para una escuela de arte en Nueva York, aún no se acostumbra a no escuchar las risas de su público, aunque es consciente de que este tipo de shows son por ahora la única forma de seguir generando ingresos. Con esta nueva experiencia tiene la esperanza de poder recibir la reacción del público. 
""Buscaremos una nueva manera de que se rían, no sé, con el claxon o con las luces, tratar de encontrar esas risas y adecuarnos, no sabemos cómo van a ser los nuevos shows, así que por ese lado experimentamos"", asegura. 
nrv
",
"

En el mundo las políticas populistas han empobrecido a las personas. En México, uno de los datos más preocupantes —para algunos, no para el gobierno— es el número de “despojados”, es decir, aquellos que entraron a la pobreza: 10 millones, según el Coneval (Consejo Nacional de Evaluación de la Política de Desarrollo Social). Con el Covid, los errores en las decisiones políticas en materia de salud, en la economía y en la seguridad toman una dimensión que no habíamos visto. Llevamos semanas y semanas escuchando y leyendo que la pandemia en el mundo nos ha hecho llegar a una conclusión que ya es una verdad generalmente aceptada: cinco han sido los peores mandatarios —todos hombres, dicho sea de paso— que se han caracterizado por un pésimo manejo de la crisis sanitaria. Entre estos cinco está México.

Los mandatarios populistas minimizaron el problema, se burlaron del uso de tapabocas y, cuando se vieron enfrentados por la realidad, decidieron mentir. Sus decisiones, acompañadas más de rencores, venganzas, resentimientos, falta de diálogo y, en su caso totalmente clientelares y manipuladoras, están directamente relacionadas con el aumento del número de fallecidos por la pandemia. Los datos se siguen manipulando para confundir a la población que les interesa únicamente para votar. Y, para ello, la mentira y la manipulación se ha hecho presente… pero todos lo saben.

Lo saben los del equipo en el gobierno. Aquellos que alguna vez dijeron en campaña: “no se preocupen”, “no se imaginen lo peor”, “además voy a estar allí”. Lo saben porque son aquellos que siendo conscientes de que están mal las cosas y se han tomado malas decisiones, mienten en reunión oficial. Sin embargo, en secreto y frente a sus familias y los otros dicen: “yo sigo trabajando en lo mío”, “es peor si me salgo”, “ya le dije, pero no entiende”, “yo también lo veo mal, pero no me queda de otra”… y todas las excusas que se pueda uno imaginar para seguir ahí y para no decir nada y ser parte “involuntaria” del engaño.

Lo sabemos. Se nos miente todos los días, frente al silencio cómplice del equipo que gobierna. Se nos miente cuando los datos que nos dan son el resultado de un sub-registro porque no practican las pruebas. Basta citar de la revista Nexos lo siguiente: “Durante la semana 29 el número de actas de defunción registradas en la CDMX fue 83% superior o 1.83 veces mayor al promedio de actas de los últimos cuatro años.” No sólo la revista Nexos, sino varios estudios han demostrado el exceso de mortalidad en México y el sub registro de casos correspondiente.

Nos mienten, nos engañan y nos confunden y, para ello, recurren al ataque contra cualquiera que piensa distinto, a espectáculos mañaneros, a la organización de rifas y ceremonias, y todo esto en medio de lo que nos dicen las cifras oficiales: más de 45 mil muertes de Covid, 60 mil homicidios dolosos, más de 15 millones han perdido su ingreso, 10 millones más en la pobreza, etc., pero prefieren la mentira que la verdad.

La esperanza del país está en todos y cada uno de nosotros. Lo que necesitamos es una conciencia que reconozca que México vale la pena y que lo podemos cambiar si miramos de manera más profunda las cosas, si leemos lo que está pasando, si entendemos el dolor y pasamos de frivolidades y lugares comunes al esfuerzo generoso y libre para trabajar por nuestro país, por nuestro México.

Abogada

 
",
"

A seis meses de que la Organización Mundial de la Salud (OMS) declarara que un nuevo virus denominado COVID-19, constituía una Emergencia Internacional de Salud Pública, el saldo es devastador: casi 18 millones de casos confirmados y cerca de 700 mil muertos. Son cifras conservadoras toda vez que, desde el inicio hubo un subregistro importante, así que seguramente los casos reales son más que los reportados.

El resurgimiento de casos en lugares donde se creía controlado y la aparición de nuevos epicentros obligan a las autoridades sanitarias, nacionales e internacionales, a reforzar las medidas preventivas que han mostrado ser, al menos parcialmente efectivas, en los lugares en las que se han aplicado con mayor rigor, a saber: mantener el distanciamiento físico, lavarse las manos varias veces al día, evitar concurrir a lugares cerrados, usar cubrebocas, mantener en cuarentena a los casos sospechosos, aislar a los casos confirmados, rastrear a quienes han estado en contacto con ellos, hacer pruebas en aquellos que pudieran resultar sospechosos aún sin síntomas, iniciar el tratamiento tempranamente, vigilar de cerca a las personas con factores de riesgo, asegurar la disponibilidad de camas hospitalarias y el equipo médico necesario para los casos más graves, limitar los viajes en lo posible, proteger al personal de salud y a otros prestadores de servicios considerados como esenciales, etcétera.

Claro está que no siempre pueden aplicarse todas estas medidas simultáneamente, pero en todo caso, eso es lo que la experiencia internacional nos ha dejado hasta ahora. Creo que conviene acoger dicha experiencia con sentido crítico, reconociendo sus limitaciones, pero en actitud receptiva, porque seguimos aprendiendo. Si todo esto lo anterior lo hubiésemos tenido claro y lo hubiéramos puesto en marcha desde el primer día, otro habría sido el saldo, aun cuando una vez que empezara a circular el SARS-CoV-2, la pandemia era inevitable.

El confinamiento individual y colectivo, la suspensión de buena parte de las actividades productivas, el cierre de ciudades enteras y de fronteras, el aislamiento, las apremiantes necesidades de subsistencia de millones de personas, la angustia ante la incertidumbre y el miedo a la muerte, han dejado al desnudo un sistema que dejó de ser operante y un estilo de vida lleno de espejismos. Los saldos económicos, políticos y psicosociales de la pandemia son incalculables.

La solución técnica, desde la perspectiva sanitaria, llegará con las vacunas. Pero desarrollarlas en tiempo record (como será el caso) no es solución en si misma. Miles de millones de vacunas serán necesarias para cubrir las necesidades mundiales. ¿En cuanto tiempo se podrán tener, a qué costo, cómo se van a distribuir? Son sólo algunas de las preguntas que urge responder y prever, en la medida de lo posible. Mucho es lo que está en juego: vidas humanas, ante todo, pero también esta en juego el poder global y económico. Como en las guerras. No hay pues que extrañarse si, ante la carrera, surge también una batalla por la vacuna contra el virus. ¿O acaso ya comenzó? Me parece que la disyuntiva es bastante clara: o prevalece la cooperación internacional sustentada en valores solidarios (y para eso están los mecanismos multilaterales) o el asunto irá adquiriendo cada vez más un perfil de tema bélico. Si la vacuna se convierte en un nuevo instrumento de dominación, habrá un ganador (o unos cuantos) y muchos perdedores (todos los demás).

Es en ese contexto que adquieren particular relevancia las resoluciones adoptadas hasta ahora por la ONU. Una de ellas fue a iniciativa de México, que acabó siendo copatrocinada por 179 países y luego adoptada por unanimidad (bajo el procedimiento del silencio) por la Asamblea General el pasado 20 de abril: “Cooperación Internacional para garantizar el acceso mundial a los medicamentos, vacunas y equipo médico para hacer frente al COVID-19”. Otra, más reciente (1 de julio) fue adoptada por el Consejo de Seguridad, y aunque toca el tema solo de manera colateral, es vinculante y llama a las Naciones Unidas a “hacer frente a la pandemia en los países que se encuentran en situaciones de conflicto armado o están afectados por crisis humanitarias”

La resolución presentada por México, surge a raíz del planteamiento que hiciera el presidente López Obrador al G-20 el 26 de marzo, en etapas tempranas de la pandemia, para que fuera la ONU precisamente, la que interviniera a fin evitar la especulación y garantizar que todos los países tuvieran igualdad en el acceso a medicamentos y vacunas. Conviene recordar que el 15 de julio pasado (casi 4 meses después), los Jefes de Estado de Canadá, Corea, España, Etiopía, Nueva Zelanda, Suecia, Sudáfrica y Túnez hicieron público un manifiesto en la misma línea, señalando que la comunidad internacional debería garantizar igualdad en el acceso a la vacuna contra COVID-19. Empezaron su alegato con una aseveración contundente, que es muy cierta y conviene mantener presente: nadie estará seguro hasta que todos estemos seguros.

Al interior de la ONU la agenda gira en torno a la pandemia: los reiterados llamados del Secretario General al cese al fuego y la solidaridad internacional, la importancia de la OMS (bajo acecho en momentos tan críticos), la protección urgente que requieren los grupos más afectados (empezando por las mujeres, víctimas del aumento de la violencia intrafamiliar por el confinamiento), los ajustes que requieren los operativos para el mantenimiento de la paz (las tensiones aumentan y los involucrados se encuentran más expuestos al contagio), la posibilidad de una Asamblea General específica para abordar el tema bajo una agenda integral (con la oposición de las grandes potencias), los efectos en la economía global y las finanzas (incluidas las de la propia Organización) y el reforzamiento de los objetivos para el desarrollo sostenible (cuyo rezago seguramente será mayor), entre otros temas. Pero la gran expectativa gira en torno a las vacunas: y ya hablaremos de ello.

Pd.

Felicitaciones a EL UNIVERSAL por su renovación en formato y contenidos.

Embajador de México en la ONU
",
"
Algunas de las innovaciones más salvajes y atrevidas relacionadas con el automóvil solo existen en las solicitudes de patentes.
Son inventos que son demasiado extravagantes, demasiado caros o ambos para poner en un modelo de producción. Si bien las probabilidades de verlos en las salas de exhibición o las calles son relativamente bajas, nos dan una idea sobre lo que pasa por la mente de los hombres y mujeres que desarrollan los autos del mañana.
Es por eso que en esta nota conoceremos las cinco patentes de automóviles más raras del mundo.

5. Sala de reuniones rodante de Ford - 2016
La imaginación de Ford generó otro invento poco convencional hace cuatro años. Diseñó una sala de reuniones con ruedas para cuando una limusina no es lo suficientemente espaciosa. 
Es esencialmente una sala en forma de cilindro con aproximadamente ocho asientos y una mesa unida a lo que parece un chasis de automóvil. La ubicación del conductor no está clara; Ford puede haber creado este diseño con la conducción autónoma en mente.
También lee: Koenigsegg lanza su propia película online

4. Pilares invisibles de Toyota - 2017
Los pilares invisibles del techo de Toyota se escuchan como un elemento muy innovador e incluso ‘mágico’ por parte de la firma. En una solicitud de patente de 2017, la japonesa describió un dispositivo que se basa en una serie de espejos ubicados estratégicamente que hacen rebotar la luz entre sí para que el conductor pueda ver a través de los pilares del parabrisas de un automóvil.

3. Generador montado en el techo de Peter Ripley - 2012
El inventor estadounidense Peter Ripley imaginó una turbina eólica montada en el techo que carga la batería de un automóvil eléctrico ya sea que esté en movimiento o estacionado.
Aunque los paneles solares montados en el techo están disponibles en un puñado de modelos eléctricos e híbridos en 2020, la turbina de Ripley aún no ha aparecido en un automóvil de producción.
También lee: El robot autónomo que estaciona tu auto

2. Auto asimétrico de Hangoo Kang - 2011
El investigador Hangoo Kang imaginó y patentó un automóvil asimétrico en 2011. Explicó que dar a un automóvil dos personalidades claramente diferentes promete ""impartir imaginación y vitalidad al diseño del automóvil"". 
Los estilistas de la industria aparentemente no están de acuerdo con su teoría, pero hay una excepción: el concepto DS X-Tense presentado en 2018 con un diseño exterior que ilustra la visión de Kang.

1. Avión eléctrico de Porsche - 2020
Las patentes presentadas a principios de 2020 sugieren que Porsche se toma en serio ingresar al segmento de taxis voladores. Es por eso que desarrolló un avión eléctrico, vertical de despegue y aterrizaje equipado con un avanzado sistema de enfriamiento que garantiza que la batería no se sobrecaliente.
 
Aunque es demasiado pronto para saber cuándo se verá el invento de la alemana sobre una ciudad, la compañía actualmente está trabajando en conjunto con Boeing para llevar su avión a producción.
",
"
La versión oficial en el caso de Héctor Huerta y la extraña transmisión que tuvo en el programa estelar de ESPN, Futbol Picante, es que se fue la luz.
En contexto. Durante la transmisión de la emisión del programa nocturno, se vio como una mano femenina entró en la pantalla de Huerta, quien la sacó rápidamente del aire, para después hacer gestos que claramente se vieron en la pantalla, comunicando que estaba transmitiendo en vivo.
Acto seguido, mientras el reportero daba su informe, vino lo peor: Se comenzaron a escuchar murmullos, risas femeninas, algunas palabras que no se alcanzaban a escuchar, después vinieron golpes en seco y demás situaciones, que han sido interpretados de varias formas en las redes sociales, que juzgan rápidamente todo lo que ocurre en el web.
LEER TAMBIÉN: Rafa Márquez es nuevo entrenador de un club en España
A partir de esto, el periodista ha sido tendencia y las burlas a su alrededor han sido de todo tipo.
La explicación que hay en el Líder Mundial, es simple, a don Héctor Huerta se le fue la luz, y estuvo intentando regresar a la transmisión de alguna forma y por eso se escucharon todos esos ruidos extraños que no tienen explicación.
Punto, no más, asunto cerrado en ESPN, pero si revisan las redes sociales…

 
 ",
"
La fuerza del gobierno viene de la estética. No importa que el discurso sea inexacto, que sea improbable o que, de plano, sea mentira. Lo que importa es que coincide con las emociones de la mayoría y construye un mundo imaginario, donde las cosas dejan de ser como eran, donde los malos y los abusivos son finalmente derrotados y donde las ilusiones de justicia, igualdad y dignidad cobran voz desde la más alta investidura y reivindican sueños que de otro modo ni siquiera podrían ser soñados. Es el triunfo de la estética sobre la lógica.
Por eso es (todavía) imbatible. La gente sabe que no es cierto pero no importa. Basta con el contraste: si gobernaran otros, dicen, sería peor. Será mentira, pero es mejor esa mentira que la espantosa realidad a la que nos estaban sometiendo. Por eso vale la pena defender la fantasía de los héroes redivivos, de la epopeya que se libra contra los conservadores, de la transformación histórica que advendrá con todas sus ventajas en algún momento del futuro y defender, al mismo tiempo, al creador de ese mundo que no existe más que en las palabras y en las imágenes propicias, los eslóganes que se repiten como mantras y una larga lista de asambleas, giras, conferencias y, sobre todo, gestos pensados y producidos hasta el detalle para afirmar una nueva identidad.
“¡No queremos realidades, queremos promesas!”, gritaba una barda después del terremoto del 85 en la Ciudad de México, cuando los neoliberales se hicieron del poder político. Quien pintó esa barda anticipó el futuro: demasiada realidad asfixia y a la postre acabó siendo insoportable cuando, además, no hizo sino confirmar que el destino no nos deparaba sino la patológica reproducción de esa misma realidad: más de lo mismo una y otra vez. En contraposición, el nuevo gobierno rompió ese ciclo a golpes de estética política: el lenguaje del nuevo líder es el del pueblo, abrió Los Pinos, ha sudado diez mil veces en asambleas de pobres, ha recorrido todos los rincones arengando contra la realidad horrible, se deshizo del avión presidencial, viaja como los demás, come como los demás, se viste como los demás, se equivoca como los demás. No es que las cosas vayan a cambiar sino que, gracias a esa estética, las cosas ya cambiaron.
¿A quién le importa que los datos no coincidan? Saber cuántos pobres, cuántos asesinados, cuántos corruptos y cuántas víctimas se acumulaban cada semana no hacía menos trágico el entorno. En cambio, escuchar que ya no hay corrupción, que se acabó la guerra, que los pobres son la prioridad, que el sistema de salud alcanza para todos, que los enemigos de la patria han sido derrotados, que la economía volverá a crecer, que la pandemia habrá acabado y que pronto viviremos mil veces mejor, alivia el alma. Nada es cierto. Pero lo importante es que no sólo han vuelto las promesas que el neoliberalismo acribilló, sino que se han vuelto incontrovertibles; quien las niega es conservador, proclive a los neoliberales o partidario de los privilegios. Es la técnica de las iglesias: la creencia se impone sobre la evidencia.
Así pues, mientras los adversarios arrojan datos y se duelen de la retórica presidencial, el gobierno va construyendo escenografías. Por eso la estética del régimen es tan invencible como la imaginación. Una imaginación que no se corresponde con la realidad tangible. ¿Pero eso a quién le importa?
Investigador del CIDE
",
"
Un recurso para obtener legitimidad en países cuyos sistemas administrativos carecen de credibilidad es pedir apoyo a organismos internacionales. Todos lo hacen. Los gobiernos anteriores pedían a la OCDE su aval hasta para confeccionar el menú del  desayuno. El gobierno de AMLO ha firmado un convenio con la Oficina de Servicios y proyectos (UNOPS) para que, mediante una comisión del 1.25%, resuelva la compra de medicamentos. Es una solución que abre la posibilidad de que las licitaciones se abran y  ya no dependerán del fallido sistema centralizado con el que iniciamos la administración. Es una salida creativa a un tema acuciante y una posibilidad real de adecentar un sistema de compras tradicionalmente tenebroso. Veremos. 
 
Es interesante es el método. Cada vez más dependencias internacionales hacen funciones clave. La ACNUR nos auxilia para paliar las debilidades institucionales de la COMAR y Migración. CEPAL nos ayudó con el Plan para Centroamérica. Si la anticorrupción es tan importante, como lo proclama todos los días el Presidente, tal vez podría revestir de legitimidad todo su esfuerzo e irse de plano a la opción CICIG para reemplazar la Función Pública y a la Fiscalía especializada. Como es sabido, es el mecanismo internacional creado en Guatemala para combatir la corrupción. Si las funciones que hoy tiene la SFP pasaran a una instancia así, el gobierno ganaría en la estrategia completa la credibilidad que ahora recibe por la compra de medicamentos. Pagaríamos una comisión y subcontrataríamos a funcionarios internacionales para que hagan lo que no hemos podido hacer. Ya puestos, también podríamos pedir a la UNESCO que asumiera la tutela de nuestro patrimonio histórico cultural y así evitar su deterioro. Lo mismo sugeriría para nuestros bosques y selvas. Una tutela internacional nos evitaría esa deriva institucional a la que SEMARNAT ha sido sometida. Sería palpitante ver que un funcionario internacional le dijese al gobierno que moderara sus emisiones o que el Tren Maya es un riesgo ambiental.     
 
Una intervención internacional es el reconocimiento de una debilidad. La idea es que en el más breve plazo el Estado asistido desarrolle capacidades para resolver sus problemas. El mexicano tiene una debilidad estructural para cumplir sus funciones. La reforma administrativa sigue pendiente en muchas áreas. El Presidente se lamentaba, por ejemplo, de que la Coca Cola se distribuya en todo el país y eso no pueda ocurrir con los medicamentos. El gobierno descubre el agua tibia. Los mercados funcionan y desarrollan su capilaridad de forma eficiente. A la gente le gusta el refresco aunque al Presidente, a López Gatell y a mí nos parezca una mala idea esa adicción nacional al refresco y las golosinas. Consumimos hasta en el metro. Los mercados son eficientes y coordinan oferta y demanda porque la gente quiere gastar su dinero en eso. ¿Es un pecado? Nuestro muy virtuoso pueblo resultó cocacolero; nadie es perfecto. La gente está dispuesta a gastar lo poco que tiene en un  refresco que los iguala a los neoyorquinos, les da energía y les gusta y no en un hipotético pozol que cada vez es más difícil encontrar. El estado mexicano, por su parte, no puede distribuir cartas ni proveer seguridad pública y debe recomponerse si quiere esa eficiencia. Ahora le ha pedido al diligente David León que resuelva eso. Ya veremos. Por cierto, espero que Protección Civil, que ha costado treinta años edificar, no se la encomiende a uno de esos “ineptos honrados” o a uno de esos comisarios políticos que intentaran convencernos de que los huracanes eran neoliberales y los terremotos fuerzas conservadoras. Tampoco creo que sea oportuno militarizarla. Profesionalizar la administración pública debe ser la prioridad. Mientras tanto que nos ayude el mundo. 

PD
Felicidades a todo el equipo Directivo de esta casa por esta renovación que a todos nos alienta.   
",
"
La nueva reforma de pensiones dará 70% del salario mínimo vigente a quienes se retiren con 60 años y 750 semanas cotizadas, pero entre más semanas cotizadas tenga un trabajador ante el Seguro Social y, de acuerdo con el salario que registró, se verán los beneficios, coincidieron expertos.
El presidente de la Comisión de Seguridad y Pensiones del Consejo Coordinador Empresarial (CCE), Pedro Sánchez, y el director de la Fundación de Estudios Financieros, Guillermo Zamarripa, así como el director general del Centro de Estudios Económicos del Sector Privado (CEESP),Carlos Hurtado, afirmaron lo anterior y aseguraron que, de aprobarse, será de las mejores reformas que tendrá esta administración.
Durante el webinar: ""Reforma al sistema de pensiones"", que organizó la Cámara Nacional de la Industria de la Transformación (Canacintra), Zamarripa explicó que una persona que llegue a los 60 años con 750 semanas va a tener el equivalente a 0.7 veces un salario mínimo, pero si un trabajador tiene más de mil 250 semanas cotizadas va a tener una pensión mínima garantizada mayor al de 750 semanas.
“Hay una ganancia conforme vaya cotizando más” un trabajador, que inició sus cotizaciones con base en la ley de 1997, porque su pensión se determinará con base en una matriz en la que se obtiene una mejor pensión si se retira a una edad mayor, de acuerdo a sueldo y las semanas cotizadas.
Lea también: Reforma a pensiones es positiva; aborda principal reto de retiro: Fitch Ratings
Zamarripa dijo que otro de los beneficios es que los trabajadores podrán aumentar su ahorro personal en las Afores, lo que no solo genera efectos positivos para ellos, sino para el país.
“La primera bondad es, ese dinero que se está erogando, se va para ahorro de los trabajadores. El segundo punto, después de 10 y 15 años, se va a ver un impacto de este mayor ahorro en la economía, en el desarrollo financiero del país, en más financiamiento para la planta productiva, para proyectos de inversión”, explicó.
Por su parte, Sánchez expuso que la iniciativa incluirá una propuesta en la que con 60 años de edad como mínimo y con 750 semanas se dará una pensión mínima garantizada de 0.7 veces un salario mínimo, monto salarial que se definirá claramente en la reforma.
“Una vez fijado el monto del salario mínimo en la fecha de aprobación de la ley se ajustará el dato por inflación, porque dejar abierto el salario mínimo es peligroso por los incrementos potenciales de la variable y costos fiscales”, comentó.
Lea también: Reforma a pensiones, sin daño para las empresas, dice Consar
El director general del Ceesp, dijo: “esta reforma de pensiones, si llega a buen término, yo estoy convencido de que puede ser, no necesariamente, la más importante en el sentido correcto, que este gobierno haga, es realmente muy buena”.
Añadió que es un buen paso también para el sector privado porque muestra apoyo a los trabajadores. Por lo que agregó “en el mundo, el sector empresarial se está moviendo en la dirección con diferentes nombres. Yo creo que muchas de las medidas que se toman, o que se han tomado y publicitado, en algunos casos, son medidas un poco vacías. Pero esto que está haciendo el sector empresarial en México, es ciertamente modernizarse”.
cev/nv
",
"

La obra del humorista mexicano Roberto Gómez Bolaños Chespirito ha dado la vuelta al mundo traduciéndose a más de 50 idiomas y siendo reconocida por el público gracias a personajes como El chavo del ocho, el Chapulín colorado o el Doctor Chapatín, por citar algunos.

El reconocimiento de su trabajo es tal que se ha vuelto un referente de la cultura mexicana en el extranjero.

“Es bien interesante cómo cuando conoces gente de Latinoamérica y saben que eres mexicano lo primero que te dicen es del narco y lo segundo es el Chavo del Ocho, lo siguen viendo”, señala la socióloga de la Facultad de Estudios Superiores Acatlán, Georgina Aldaba.

De ahí que este fin de semana se volviera tendencia en redes el anuncio del Roberto Gómez Fernández, hijo del humorista, sobre que el programa Chepirito saldría del aire de todo el mundo, provocando la respuesta de la viuda de Bolaños, Florinda Meza, quien es reconocida por interpretar el personaje de Doña Florinda.
 También lee: ""Chespirito"": El final a medio siglo de comedia

“ Chespirito ya es un programa de culto”, escribió.

Sin embargo, a la par del éxito que ha hecho que historias como la de El Chavo cuente hoy con una serie animada, videojuego Y todo tipo de productos promocionales, las críticas y cuestionamientos sobre las temáticas que abordaban sus historias también han sido una constante.

Y es que Chespirito retrató, por ejemplo, a través de los habitantes de La vecindad del Chavo, situaciones que hoy brincan por sus tintes machistas, violencia y denigración hacia algunos personajes.

De acuerdo con la socióloga Georgina Aldaba, no es que se pueda catalogar como algo bueno o malo, sino que el creador tomó una realidad que estaba presente en aquel México que le tocó vivir.
",
"

Por si no fuera suficiente con estar cerca de llegar a los 50 mil muertos por Covid-19, y que gobernadores están pidiendo la cabeza del encargado de la estrategia contra la pandemia, Hugo López-Gatell, ahora a la Secretaría de Salud le quieren robar el personaje de Susana Distancia. Nos comentan que la dependencia podría perder los derechos sobre una de sus heroínas, luego de que una empresa localizada en la alcaldía Tlalpan acudió en mayo al Instituto Mexicano de la Propiedad Industrial (IMPI) para registrar la marca “Susana Distancia”. Nos detallan que la solicitud está en revisión, por lo que si la Ssa no quiere perder los derechos deberá apurarse, e interponer un recurso de oposición y reclamar.

Balconea diputado a nuevas consejeras del INE

Las redes sociales jugaron una mala pasada a legisladores de Morena y fueron indiscretas. El diputado morenista Javier Hidalgo publicó una fotografía de una reunión virtual de su bancada, y se aprecia en la pantalla de su computadora un mensaje en el chat entre legisladores que dice: “Las consejeras Norma y Carla del INE proponen ajustes presupuestales están cumpliendo la palabra empeñada con el Grupo Parlamentario de Morena”. El comentario de don Javier, nos dicen, ya causó preocupación en algunos partidos que ahora se preguntan si hay compromisos “privados” entre los nuevos consejeros y Morena. En aras de la transparencia, valdría la pena que las consejeras Norma Irene de la Cruz y Carla Humphrey, digan qué palabra empeñaron a Morena.

El Marro ¿No habrá sorpresas?

La aprehensión de José Antonio Yépez, El Marro, líder del Cártel de Santa Rosa de Lima, nos aseguran, no tendrá el mismo final que en el caso de las detenciones de su madre y otros familiares, cuyas detenciones fueron declaradas ilegales y les permitieron quedar en libertad. Esta vez, nos dicen, la historia es muy diferente, pues se documentó minuto a minuto su captura para garantizar al juez que libró las órdenes de aprehensión en su contra, que el arresto se hizo conforme a derecho. Y por si las dudas, nos dicen, además hubo un delito de secuestro en flagrancia y la víctima fue rescatada con vida. No esperan sorpresas, nos aseguran.

No es ilegal cambiar de partido: Villavicencio

La diputada de Morena Lorena Villavicencio asegura que quien tenga pruebas de que el PT esté pagando a diputados para integrarse a su bancada y convertirse en la tercera fuerza política y aspirar a presidir la Cámara de Diputados, que las presente. Según el diputado Jorge Argüelles, coordinador del PES, el PT ofrece hasta 5 millones de pesos a cada legislador que se integre a su grupo. Doña Lorena asegura que es común que legisladores cambien de partido, y que es una práctica recurrente. Advierte que en días subsecuentes podrían registrarse esas prácticas migratorias, las cuales pueden ser cuestionadas, pero son legales. E incluso, estas prácticas podrían favorecer a cualquiera de los dos partidos (PRI y PT) que se disputan la tercera posición en San Lázaro.


The government could lose the rights over Susana Distancia 






",
"


 A la Procuraduría General de la República (ahora FGR), durante el Gobierno de Felipe Calderón, le bastaron 33 días para deslindar y exonerar a Humberto Moreira del delito de enriquecimiento ilícito y lavado de dinero en 2012. 
 En la investigación —que nunca llegó ante un juez— se dejó fuera información de inteligencia que brindó Estados Unidos a México sobre operaciones sospechosas de sus colaboradores. 
 La indagatoria inició en junio de 2011, tres meses después de que Moreira asumiera la dirigencia del PRI, que se preparaba entonces para postular a Enrique Peña Nieto como candidato presidencial. 
 En un inicio se investigó a varios colaboradores cercanos al profesor, pero en septiembre de 2012, con el argumento de que no había indicios de que hubieran actuado “unidos”, se separó la indagatoria y se inició una exclusiva contra del exgobernador.
 Seis días después de haberse iniciado el nuevo expediente, el ministerio público encargado del caso envió un oficio a sus superiores para consultar la emisión del dictamen de no ejercicio de la acción penal (NEAP), el cual se autorizó a los 27 días y permitió archivar la acusación en 33 días. 
 Pese a que la PGR se allegó de diversos documentos que pudieron haber sido clave en la investigación, el ministerio público no los valoró para decidir si podrían acreditar los delitos. 
 La Red de Control de Delitos Financieros (FinCEN, por sus siglas en inglés) del Departamento del Tesoro, por ejemplo, en 2011 le hizo llegar a México un expediente titulado Informe de actividad sospechosa.  
 En el documento se señalaba a un cercano colaborador de Moreira (del cual testaron su nombre en el informe entregado a este diario) de haber realizado transferencias de dinero entre el 7 de abril de 2009 al 9 de julio de 2010, las cuales fueron catalogadas como “sospechosas”.
 Las autoridades de Estados Unidos también dieron a la PGR una relación de las empresas y propiedades de Moreira y su colaborador Vicente Chaires Yáñez, también denunciado penalmente ante la PGR, mientras que la Unidad de Inteligencia Financiera (UIF) y la Comisión Nacional BancarIa y de Valores (CNBV) proporcionaron reportes de sus operaciones inusuales y relevantes.  
 Pese a que en la denuncia se señalaba una red de corrupción, la PGR separó el caso para investigar a cada uno de los acusados individualmente, y en el del exmandatario, la autoridad ministerial sólo se limitó a comparar sus ingresos obtenidos (según sus declaraciones patrimoniales) contra los estados bancarios de las cuentas a su nombre, dejando fuera el resto de información.
  En la indagatoria tampoco se investigó el entorno patrimonial y financiero de los dependientes económicos que pudieron haber servido de prestanombres; esto a pesar de que en la denuncia que dio pie a la averiguación previa se hacía referencia a varias personas que habrían fungido como testaferros del priista.
  Especialistas en el tema consultados para este reportaje coincidieron en que una indagatoria por enriquecimiento y lavado se debe investigar de una forma integral, tomando en cuenta que se tratan de redes de corrupción, por lo que los actos no se realizan de forma aislada. 
 La información presentada en este trabajo parte del dictamen de NEAP que emitió la PGR durante la gestión de Maricela Morales, en la indagatoria con terminación FECCSPF/M-II/267/2012, que se obtuvo vía transparencia.

El inicio de la denuncia

En la indagatoria que comenzó en junio de 2011, en la que se denunciaba una red de corrupción con diversos personajes allegados a Moreira cuando éste fungió como gobernador. 
 Habían “amasado” de manera inexplicable una cantidad de recursos de la que no existía forma de acreditar su legal procedencia. Uno de los que encabezaba esa red, según la queja, había sido Vicente Chaires Yáñez, quien fue Secretario de Operación y Administración.  
 En la denuncia se pedía citar a todos los involucrados, principalmente a Moreira por ser el superior de Chaires Yáñez. 
 Entre el 22 de junio de 2011 y el 19 de septiembre de 2012, se llevaron a cabo una serie de diligencias para investigar los posibles delitos de enriquecimiento ilícito y lavado de dinero. 
 Se requirieron las declaraciones de impuestos ante el SAT y las patrimoniales al gobierno de Coahuila. Después la CNBV le remitió a la PGR los estados de cuenta de Chaires y Moreira que los bancos proporcionaron. 
 La UIF también entregó un reporte de operaciones inusuales y relevantes que se detectaron. Asimismo, la PGR solicitó al Registro Público de Coahuila  información sobre los bienes inmuebles y empresas inscritos a nombre de ambos, mientras que a la dirección de transporte, los coches registrados a sus nombres.
 Para Estefanía Medina, cofundadora de Tojil: Estrategia contra la Impunidad, uno de los errores  fue suponer que podrían demostrar el enriquecimiento y el lavado a través de los bienes inscritos a nombre de los funcionarios. Esos ilícitos, explica, lo que buscan es ocultar que se extrajo algún dinero público, y para ello los involucrados usan a terceras personas, quienes tiene las cuentas y bienes a sus nombres. “Esto evidencia la falta de capacidad de las fiscalías para investigar estos delitos”, asegura la abogada. 
 Angélica Ortiz Dorantes, experta en prevención de lavado de dinero, coincide en que la investigación fue deficiente, ya que las personas que incurren en este delito pueden mentir o presentar incompleta su declaración patrimonial formal, por ello la autoridad debe corroborar que es real.
 En una indagación de enriquecimiento ilícito, que es difícil de probar, la UIF tiene un papel clave, ya que puede pedirle información al sector financiero y comercial, con la cual pueden determinar si una persona tiene cuentas bancarias o ha realizado compras de propiedades.
 “Bien hecho su trabajo, claro que puede ser auxiliar del Ministerio Público para poder acreditar enriquecimiento o lavado”, dijo.

Un caso fragmentado

El 26 de agosto de 2011 Chaires Yáñez compareció en calidad de probable responsable, pero se reservó su derecho a no declarar. En cambio, a Moreira nunca se le citó a comparecer. 
 Posteriormente, la Agregaduría legal de la PGR en Washington remitió una información brindada por el Departamento de Justicia de Estados Unidos. Tras recibir estos archivos, la PGR giró oficios a la CNBV para que requiriera a HSBC información de las cuentas bancarias de las que se hicieron transferencias electrónicas a la institución bancaria JP Morgan Chase Bank.  
 Estas transferencias se hicieron a nombre de Barcelona at Stone OAK LLC, Península South Padre i LLC y Villa Premio Gas LLC, compañías que eran investigadas por las autoridades estadounidenses por estar vinculadas a un cuñado de Javier Villarreal Hernández, quien fungió como secretario del Servicio de Administración Tributaria de Coahuila y señalado en un presunto desvío de recursos.  
 Con el argumento de no causar demora en la procuración de justicia, el 19 de septiembre de 2012 el Ministerio Público separó la indagatoria e inició una exclusivamente contra el exgobernador. 
 “A cada uno de lo indiciados se les atribuye un hecho en particular, por lo que hasta este momento de la investigación no puede considerarse la existencia de alguna coautoría o complicidad”, se lee en el dictamen.
 No obstante, Estefanía Medina considera que esta separación es una  técnica que se utiliza para dividir una investigación más compleja en una más sencilla.
 
El 24 de septiembre de 2012, cinco días después de iniciada la nueva averiguación contra Moreira, los peritos de Asuntos Fiscales de la PGR emitieron un dictamen contable, en el que descartaron un incremento en las cuentas bancarias de Moreira que fuese mayor a lo declarado oficialmente por él entre 2005 y 2011. 
 Para emitir este peritaje sólo revisaron sus declaraciones anuales de impuestos y sus ingresos reportados en sus declaraciones patrimoniales y los compararon con los depósitos encontrados en sus cuentas bancarias. 
 Al siguiente día de haberse emitido el dictamen,  el Ministerio Público envió un oficio a su superiores para consultar la emisión del dictamen de NEAP. 
 Después de dar 15 días de oportunidad por si alguien quería oponerse a que se cerrara el caso, el 22 de octubre de 2012 se autorizó. En la resolución se señala que en las pruebas desahogadas no se advierte que Moreira, mientras fue gobernador, se hubiese enriquecido ilícitamente, porque no reportó un aumento en su patrimonio que fuese injustificado o incongruente con su salario. 
 “De lo investigado no se encontraron signos de riqueza ostensibles y superiores a los ingresos obtenidos como servidor público”, se concluyó.
Angélica Ortiz Dorantes considera que era indispensable estudiar toda la información de la que se allegó el Ministerio Público, como los datos aportados por la UIF o Estados Unidos: “Si se recibió la información y luego no se analizó o se dejó de lado, evidentemente pareciera muy claro que hay una falta de seriedad”.
 Para la especialista Estefanía Medina esto es una muestra de la simulación que se puede dar en una investigación por el influyentismo: “Se pide uno que otro reporte de datos exigiendo que esté directamente a su nombre, a sabiendas de que bajo esa línea de investigación no vas a encontrar nada”. 
 La PGR también lo exoneró del delito de operaciones con recursos de procedencia ilícita porque no encontraron elementos que permitieran determinar que adquirió, administró, custodió, invirtió o depositó recursos  que procedían o representaban el producto de actividades ilícitas.  
 Las acusaciones de corrupción, lavado de dinero y presuntos vínculos con el narco lo han seguido con el paso de los años, pero nunca se le han podido comprobar ante tribunales.  
 En 2016, en España,  estuvo en la cárcel por  una semana. Fue liberado porque la Fiscalía Anticorrupción de ese país no halló elementos suficientes para inculparlo de los delitos de malversación y blanqueo de capitales.
",
"
“Todo tiene un principio y un fin. El mío ya llegó”, les dijo El Marro a los agentes de investigación del estado y los elementos de la Sedena que ayer en la madrugada lo detuvieron en una finca de la comunidad de Franco Tavera, en el municipio de Juventino Rosas, Guanajuato.
Las autoridades habían detectado una serie de “síntomas” en la zona: presencia notoria de “halcones”, gente sospechosa colocada en lugares estratégicos y sobre todo, cero incidencia delictiva. La ubicación de una camioneta que tres semanas antes había tomado parte en el secuestro de una comerciante oriunda de Apaseo el Grande, fortaleció la sospecha de que José Antonio Yepez, líder del Cártel de Santa Rosa de Lima, pudiera encontrarse en el lugar.
La información más reciente revelaba que desde marzo pasado, fecha en que se desató un fallido operativo de captura en su contra, El Marro había salido de su zona de protección, Celaya, Santa Rosa y San Antonio de los Morales, y andaba brincando por comunidades rurales de Juventino Rosas, Comonfort y Villagrán.
Al antiguo rey del huachicol en el estado de Guanajuato lo andaban cazando autoridades estatales y federales. También le pisaban los talones sus rivales del Cártel Jalisco Nueva Generación, con quienes se hallaba en guerra abierta desde 2017.
Hace dos semanas el secretario de Seguridad y Protección Ciudadana, Alfonso Durazo, declaró que “uno de los líderes de las organizaciones criminales más importantes del estado ya no está en su casa con alberca, ya está en una casa a medio construir, batallando para cubrir la nómina”.
El Marro, en efecto, obtenía fondos de donde podía (en especial, secuestro y extorsión) y vagaba en caminos de terracería intentando poner a su servicio las comunidades en que se refugiaba. Había datos de que se movía en camionetas todoterreno, cuatrimotos y racers, acompañado solo por un pequeño círculo de escoltas, en el que el jefe de seguridad era Saulo Sergio “N”, El Cebollo.
Informes entregados el viernes pasado indicaron que era alta la posibilidad de que El Marro se encontrara en dos posibles predios de la región.
El operativo fue madurado el sábado por mandos de la fiscalía estatal y la Sedena, entre los que figuraba el jefe de la zona militar. Pasado el enfrentamiento político entre el gobernador panista Diego Sinhué y el presidente Andrés Manuel López Obrador, la información fluyó sin cortapisas entre autoridades estatales y federales. Cuando llegaron las órdenes de cateo, se dio luz verde para llevar a cabo la detención durante la madrugada del domingo.
En otros intentos de captura, las bases del Marro habían realizado narcobloqueos y quema de camiones en avenidas y carreteras. Con base en esas experiencias, se tomó la decisión de encapsular los puntos críticos, para que los colaboradores del Marro no pudieran llegar.
Al mismo tiempo, los dos grupos, el de la Fiscalía y el de la Sedena, ingresaron en Juventino Rosas. Un dron sobrevolaba la finca. A través de las imágenes enviadas por este las autoridades advirtieron que en la finca había comenzado el movimiento de huida: El Marro acababa de ser alertado del operativo por sus “halcones”, quienes tiraron incluso “ponchallantas” en el camino de acceso.
Algunas unidades oficiales quedaron atoradas. La mayor parte, sin embargo, siguieron adelante. El jefe de seguridad del Marro abrió fuego contra los elementos estatales y federales, pero rápidamente fue sometido.
Se dice que en los últimos tiempos El Marro dormía vestido. Intentó huir por la parte trasera de la finca, en la que además de gallos y caballos, tenía una moto y una cuatrimoto. No alcanzó a tripular ninguna.
Cuando lo detuvieron lucía agitado, “con los ojos desorbitados”.
—¿Quién me traicionó? —preguntó.
Con él cayeron los cinco miembros de su círculo de seguridad. En el segundo domicilio cateado fue aprehendida su cuñada, Angélica “N”, presunta operadora financiera del cártel, a quien se había detenido en marzo de 2019 y a la que liberó más tarde el ministerio público federal (las autoridades afirman que ella llevaba las cuentas de las pipas robadas a Pemex).
Cuando nadie lo esperaba, en las caballerizas de la finca, bajo un montículo de comida para animal, las autoridades hallaron una puerta. Detrás de esta se encontraba maniatada, y en condiciones lastimosas, la mujer que el grupo del Marro había secuestrado tres semanas atrás en Apaseo. Aquel secuestro fue su última fechoría.
Termina así una etapa negra en Guanajuato: la década del Marro.
Lamentablemente, queda un infierno por venir: la disgregación del Cártel de Santa Rosa en pequeñas y feroces células, o bien, la absorción de su estructura por un nuevo grupo dominante: el Cártel Jalisco Nueva Generación, que dirige Nemesio Oseguera, El Mencho, y que lleva años peleando por el control de los ductos.
Expertos en temas de seguridad creen que habrá en el estado un nuevo coletazo de sangre: ya sea por el reacomodo del Cártel de Santa Rosa, o por la “limpia” que el Cártel Jalisco emprenderá en los lugares que El Marro deja acéfalos.
Para evitar que el fuego se avive, debe llegar un nuevo golpe, esta vez del lado del Mencho. Pero sobre todo es preciso que se desnuden las redes de corrupción que desde Pemex y el sindicato hicieron posible a José Antonio Yepez, El Marro.

@hdemauleon[email protected]
",
"
La pandemia ha enfrentado dos esferas mayormente incompatibles: la política y la ciencia. A partir de esa confrontación ha crecido la figura de los epidemiólogos encargados de guiar a la clase política en el manejo de una crisis sin precedente en al menos un siglo. De la conducta de esos “zares del coronavirus” ha dependido, en mayor o menor medida, el éxito o fracaso de los distintos países en el combate a la enfermedad.
Además de líderes dispuestos a creer en la ciencia antes que tomar decisiones por consideraciones políticas o electorales, los países exitosos tienen algo más en común: los epidemiólogos que gestionan la respuesta a la pandemia no tienen otro interés más que atender la crisis. No tienen ni tiempo ni entusiasmo para pensar, por ejemplo, en aprovechar la coyuntura en aras de una carrera política que habría sido impensable antes de la visibilidad que les ha dado el virus. En Corea del Sur, por ejemplo, el liderazgo de epidemiólogos como el doctor  Kim Woo-joo ayudó a construir un exitoso programa de detección, aislamiento y rastreo de contagios. Ni Kim ni ninguno de los otros expertos que lo rodean tiene mayor visibilidad mediática o aspiraciones políticas: se dedican a la ciencia y ya está. En Nueva Zelanda, la colaboración entre la extraordinaria primera ministra Jacinda Ardern y Ashley Bloomfield, su popular asesor de salud, hizo del país una historia de éxito. Al menos por ahora, Bloomfield no ha mostrado otro objetivo que no sea el combate al virus. Lo suyo es la salud de la población neozelandesa y nada más. SI alguna vez piensa buscar algún cambio de elección popular será porque logró contener el riesgo de contagio para los neozelandeses y su valentía para informar correctamente las decisiones de Ardern, apegadas a la ciencia.
                El mejor ejemplo de este perfil de servidor público es, desde luego, el epidemiólogo estadounidense Anthony Fauci. Hombre respetado desde hace décadas, Fauci se ha ganado el aprecio de los estadounidenses gracias a su franqueza y transparencia. Fauci dice las cosas como son, sin medias verdades, manipulaciones o engaños. Pero no es solo eso. Fauci también ha demostrado que es capaz de contradecir abiertamente a Donald Trump si la ocasión lo amerita. Así lo hizo con la obsesión de Trump por reabrir la economía velozmente o con negarse a promover el uso de mascarillas sanitarias. A diferencia de buena parte del equipo que rodean al presidente de Estados Unidos, Fauci no tiene empacho en señalar las omisiones de la Casa Blanca. Como sus colegas en Nueva Zelanda, Corea del Sur y otros países (también vale la pena el ejemplo del notable virólogo alemán Christian Drosten), a Fauci no le interesan los reflectores políticos ni atiende el canto de las sirenas de la política. Le interesa que se sigan las recomendaciones de la ciencia para que el número de contagios y muertes sea menor. Podrá usar su notable visibilidad pública, pero solo para comportarse como lo que es: la gran autoridad epidemiológica en un país en severa crisis.
                México no tiene esa suerte. El trabajo de Hugo López Gatell como administrador de la respuesta gubernamental al coronavirus ha sido contraproducente. ¿Qué lo explica? No es falta de capacidad. Aunque no es una eminencia, López Gatell es un epidemiólogo reconocido mundialmente. También es claramente un hombre culto e informado. ¿Qué le ocurre, entonces? Lo que sucede es que, a diferencia de la gran mayoría de los expertos que han ganado fama en los tiempos de la pandemia en todo el mundo, da la impresión de que Hugo López Gatell tiene ambiciones políticas. Quizá por la fama súbita o por elemental vanidad, pero parece convencido de que tiene futuro en la política. Ya se vio, pues, y desde esa ilusión narcisista es que hay que juzgar sus decisiones. López Gatell no se atreve a contradecir a López Obrador como Fauci a Trump porque López Gatell sabe que sin la bendición del presidente de México no tendrá el futuro que anhela. Nadie contradice a su mecenas político. Eso, por supuesto, también explica su insufrible zalamería o su extraña mimesis con la retórica conspirativa de López Obrador.
Los científicos en otras partes del mundo son científicos. Nuestro científico se ha vuelto político. Y eso es una desgracia. Hugo López Gatell tiene, por supuesto, derecho a soñar con un futuro en el poder. Pero haría bien en reflexionar sobre el camino a la cima. No es lo mismo la fama que el presitigio. La primera olvida a sus protagonistas; el segundo, los encumbra. Anthony Fauci puede confiar en el juicio generoso de la historia. ¿Cómo juzgará el paso del tiempo a López Gatell? Si no deja su ambición personal y se concentra en la ciencia, el juicio será severo.
 
",
"
Toluca, Edomex. – Para el gobernador del Estado de México, Alfredo del Mazo Maza, México enfrenta un gran reto ante la pandemia de coronavirus -que ha dejado más de 47 mil muertos y 434 mil contagios y una gran afectación a la economía- y enfatiza: es momento de que los actores políticos estén unidos.
En entrevista con EL UNIVERSAL, el mandatario reconoce el impacto de la pandemia a las finanzas estatales y el debate en torno a un nuevo Pacto Fiscal para que las entidades tengan más recursos, pero enfatiza que en este momento se debe encontrar, entre todos, mecanismos para reactivar la economía y apuntalar el ingreso familiar. 
“Yo estoy a favor de una mayor coordinación, como la que hemos tenido, es decir una buena coordinación con la Federación para que los recursos que se tienen, se ejecuten de la manera más eficiente y le lleguen a las familias que lo necesitan”, señala. Pide sumas de esfuerzos presupuestales; “ante un reto así hay que entrarle”.
Al ser cuestionado sobre qué es más importante: salud o economía, ataja: “Hay que tener un equilibrio, tenemos que trabajar privilegiando las dos cosas, por supuesto la salud, que es primero que nada, pero también pensando en que la economía debe continuar… (que) la actividad económica se vaya ya retomando, no podemos parar ya, y seguir frenados por completo la actividad económica”. 
En el Salón Gobernadores de Palacio de Gobierno, bajo estrictas medidas de seguridad sanitaria, Del Mazo subraya la necesidad de hacer pruebas masivas para detectar oportunamente casos, aislar o a contener. Hay cifras negras que “hay que reconocer”, ataja.
También lee: Alfredo del Mazo supervisa construcción del Distribuidor Vial en Toluca
Defiende la estrategia a partir del trabajo conjunto con el gobierno federal y el de la Ciudad de México. Sostiene que el Estado de México, donde 59 municipios de la Zona Conurbada del Valle de México concentran 80% de los contagios de la entidad,  ha tenido una gran coordinación con la Federación, con el presidente Andrés Manuel López Obrador, pues de ello –afirma- dependerán mejores resultados ante la crisis sanitaria.
-  A cinco meses desde que se detectó el primer caso en México de Covid-19, hoy el país vive una nueva realidad en medio de la pandemia, con presiones a las finanzas públicas. ¿Cómo ve este escenario?
- Lo separaría en dos partes; primero, la parte de salud de las familias, que además es la prioridad a atender, y por supuesto la parte económica, haya que tener un equilibrio entre seguir cuidando la salud y darle la oportunidad a la economía o apoyar a la economía, para que se reactive y la generación de empleos.
- En el Estado de México tienen una situación difícil ante la pandemia.
- Cuando empezó la pandemia, a finales del mes de febrero, empezamos a prepararnos desde antes, para que nuestro sistema de salud estuviera lo más sólido posible, que tuviéramos la capacidad para atender a las personas que requirieran atención médica.
Empezamos a hacer un ejercicio de detección de casos, seguimiento, tenemos cerca de 180 brigadas médicas que estaban dando seguimiento puntual a los casos y a sus contactos para que oportunamente se pudieran atender, con el ánimo de que esto no se disparara de inicio, y pudiéramos ir disminuyendo el ritmo de contagio.
Desde antes definimos 54 hospitales COVID y además equipamos otros espacios, como el Centro de Convenciones, por ejemplo, el Centro de Convenciones de Toluca, el CRIT de Tlalnepantla, el Centro Cultural de Texcoco, un auditorio en Tonanitla y el Jardín Bicentenario, Ciudad Jardín Bicentenario en Neza.
Con esto ampliamos cerca de mil 300 camas adicionales, contratamos más médicos, enfermeras, cerca de mil 200 médicos y enfermeras para atender los sistemas de salud, y bueno, prepararnos lo más posible para que todas las personas que fueran necesitando de atención médica lo pudieran hacer.
- ¿Con recursos propios?
- Sí, lo hicimos, yo te diría que en una suma de esfuerzos con el gobierno del estado y el gobierno federal, en donde, yo creo que por ahí viene tu pregunta, lo digo así, la verdad es que ante un reto como éstos hay que entrarle y hay que hacerle frente, sumando esfuerzos de todos lados, de la federación, estatales e inclusive los municipios que también se ha sumado a hacer un gran trabajo para apoyarnos en la prevención y que, más allá de donde vengan el origen de los recursos, pues que todos le entremos para darle la mejor solución posible a las familias del Estado de México. 
- ¿Cómo fue su proyección?
- Teníamos originalmente pensado que para finales del mes de mayo íbamos a tener el momento más alto del pico de la pandemia, con cerca de 12 mil hospitalizados y alrededor de mil 900 personas intubadas. Gracias a todo ese trabajo previo es que se vino el pico hacia la tercera semana de junio y el momento más alto estuvo alrededor de 2 mil 200 hospitalizados y poco más de 400 personas intubadas. Se logró disminuir el ritmo tan alto con el que venía entrando la pandemia.
- Pero, ¿se pueda hablar de cifras negras, más allá de los conteos oficiales? 
- Hay que reconocer las dos, la realidad, hay que reconocer la realidad. Uno es, las cifras oficiales que son las que se pueden dar a conocer con un sustento, ¿qué quiere decir? que tienen pues ya una comprobación, te estás refiriendo a los casos, por ejemplo, positivos de Covid que lamentablemente han perdido la vida y son, lo que se reporta tiene que ser comprobado que haya tenido o que haya sido positiva la prueba. Pero por otro lado también hay un número importante de fallecimientos por enfermedades respiratorias u otros padecimientos atípicos que pudieran ser sospecha de Covid y también es una realidad.
- Hay estados que han impulsado el tema de pruebas masivas o ampliar los espectros de tomas de pruebas para tener un mayor control de la epidemia. 
- Estamos totalmente convencidos de que hay que realizar cada vez más pruebas y que las pruebas nos ayuden a detectar oportunamente, aislar o a contener. Hemos incrementado la capacidad de pruebas en el estado, inclusive duplicamos la capacidad de pruebas del laboratorio estatal y, además, hemos subcontratado servicios de elaboración de pruebas para incrementar nuestra capacidad de pruebas en el estado, y que eso nos permita tener una mayor visibilidad de cómo se va comportando la pandemia.
Por otro lado, hemos insistido mucho en que, en este proceso de reapertura, también las empresas, sobre todo las grandes empresas, que tienen un número muy importante también de trabajadores, puedan realizar pruebas también a sus trabajadores, de manera frecuente, para detectar oportunamente pues algún brote y poder atenderlo, para que esto no tenga un riesgo de contagio o de dispersión.
- Hay gobernadores que han sido muy críticos de la estrategia federal, ¿usted cómo ha sentido esta estrategia federal, en la coordinación del Estado de México?
- Ha habido una gran coordinación con el Gobierno federal y hemos trabajado muy de la mano, de manera articulada, en ese tema y en varios otros temas más, yo te diría que hay una muy buena colaboración y coordinación con el Gobierno del Presidente López Obrador, porque además estamos convencidos de que esa buena coordinación y esa buena relación nos permite darle mejores resultados a las familias del Estado de México y trabajar mejor por las familias del Estado de México.
Hemos tenido una buena coordinación también con la Ciudad de México, en particular, por ejemplo, en este caso de la pandemia, porque además por nuestra cercanía y nuestra, pues compartimos actividades económicas, compartimos un reto de movilidad, compartimos servicios públicos, compartimos infraestructura y esto nos lleva a que trabajemos de manera muy coordinada.
Tenemos 59 municipios de la Zona Conurbada con el Valle de México, que además concentran, por cierto, pues casi el 80% de los casos que hemos tenido en el estado, y las decisiones que tomemos en ambos lados tienen que ir de manera coordinada, es decir, muy de la mano. 
Ha habido una buena comunicación y una buena coordinación con la Jefa de Gobierno, tanto para los temas de salud como lo estamos haciendo, tanto como para las medidas de apertura y de reactivación, que además es importantísimo que vayamos hacia ese sentido, y digo insisto de, por supuesto, privilegiar la salud, pero también de reconocer la importancia de que la actividad económica retome y vaya continuando, que la apertura se vaya dando, y también en otros rubros como temas de seguridad, servicios públicos, agua, desarrollo urbano, en donde tenemos un trabajo muy articulado.
También lee: Alfredo Del Mazo entrega microcréditos a empresarias de Edomex
- Hay voces críticas gobernadores, algunos han dicho, “nos han dejado solos” o que es equivocada la estrategia federal. ¿Es momento de pleito entre los tomadores de decisiones en este momento? 
- Yo estoy convencido de que es momento de estar unidos y de que juntos podemos tomar las mejores acciones para ayudar a las familias y para que reactivemos y retomemos la parte económica e impulsemos la economía familiar, y estoy convenido que, con mayor razón, en una circunstancia como la que estamos viviendo, una crisis de salud como la que estamos viviendo a nivel mundial, pero no nada más ahí, yo creo que en todo momento. Como gobiernos, nuestra función es darle resultados a la gente, cumplirle a la gente, ayudarle a que viva mejor la familia, las familias del Estado de México que vivan mejor. Aquí, con casi 80% de gobiernos municipales  que son de otro partido, privilegiamos el diálogo.
- ¿Salud o economía? ¿Cómo evitar una crisis social tras cinco meses de parar actividades, de no tener ingresos? 
- Yo estoy convencido de que hay que tener un equilibrio, tenemos que trabajar privilegiando las dos cosas, por supuesto la salud, que es primero que nada, si no hay salud no hay nada más, pero también pensando en que la economía debe continuar y debemos apoyar a la economía familiar, ¿y cómo equilibramos ambas? Haciendo un gran hincapié y esforzándonos mucho por prevenir y contener el riesgo de contagios y de crecimiento de esta pandemia, pero por otro lado, permitiendo que la actividad económica se vaya ya retomando, no podemos parar ya, y seguir frenados por completo la actividad económica. 
- El Pacto Fiscal ¿sí o no?
- Hay una discusión por parte de varios estados, que han estado expresando esta revisión, que han estado manifestando su interés en que se revise el Pacto Fiscal. Yo creo lo que hay que impulsar es cómo encontramos mecanismos, entre todos, para que podamos reactivar la parte económica, seguir impulsando el tema social, por supuesto, el apoyo social que debemos seguir impulsando en las familias y cómo lo hacemos de una mejor manera.
- ¿Entonces está a favor de un nuevo Pacto Fiscal?
- Yo estoy a favor de una mayor coordinación, como la que hemos tenido, es decir una buena coordinación con la federación para que los recursos que se tienen, se ejecuten de la manera más eficiente y le lleguen a las familias que lo necesitan.
- Le hago la pregunta inicial, ¿cómo ve al país, y cómo ve al Estado de México después de cinco meses?
- ¿En la parte de salud? Yo veo al Estado de México con un camino correcto en las medidas que hemos ido tomando, en la gran responsabilidad que ha habido por parte de las familias, en la gran respuesta que ha habido por parte del sector salud, y creo que vamos avanzando de la mejor manera posible dadas las circunstancias, actuando con mucha responsabilidad, con orden también, con planeación, y también con sensibilidad, así es como hemos manejado la pandemia en el Estado de México.
A nivel nacional, sin duda es un reto, cada región tiene particularidades distintas, cada estado tiene retos diferentes, y pues han tomado cada quien las decisiones que consideran más adecuadas para sus regiones, yo creo que en su conjunto como Secretaría de Salud federal han hecho todo lo que está a su alcance para contribuir a que haya buenos resultados.
",
"
La defensa política a ultranza que emprendieron desde la 4T este fin de semana es el anticipo del espaldarazo que hoy, una vez más, le dará el presidente López Obrador al subsecretario Hugo López-Gatell ante la petición de renuncia que 9 gobernadores  del país hicieron el viernes en contra del encargado nacional de la pandemia. Durante todo el fin de semana, la estrategia dictada desde Palacio fue mandar a todas las baterías: congresistas, dirigentes, funcionarios y hasta la Jefa de Gobierno Claudia Sheinbaum, para “acuerpar” a Gatell y desestimar y deslegitimar la petición de los mandatarios estatales.
El presidente simplemente ratificará hoy su confianza en el epidemiólogo al que le delegó todas las decisiones importantes en el manejo de la pandemia —incluso por encima de la Constitución que mandata que sea el Consejo de Salubridad General el que dicte las acciones, medidas y normas en una emergencia sanitaria como la que vivimos— y volverá a decir seguramente que todo es “politiquería” y “grilla” sin atender siquiera los argumentos esgrimidos por los gobernadores que representan a casi el 37% de la población nacional que habita en sus estados.
Así que las cosas seguirán como hasta ahora y la estrategia federal contra el Covid19 se mantendrá tal cual con sus casi 48 mil muertos contabilizados oficialmente hasta ayer y más de 439 mil contagiados. Ni la economía en recesión profunda y en su peor derrumbe de la historia, ni las advertencias de empobrecimiento y la pérdida de empleos y de ingresos de los mexicanos que han hecho el Coneval y el Inegi, serán atendidos ni provocarán, al menos no por ahora, un cambio de timón en la actuación federal en esta pandemia que ya empieza a ser el peor desastre humanitario, económico y social de la historia reciente del país.
La razón por la que el presidente no moverá a Hugo López-Gatell ni le pedirá su renuncia, a pesar de que lo pidan gobernadores de la República y muchos mexicanos, es simple y nos la explicaba un alto funcionario del gobierno: “Gatell es en estos momentos el pararrayos presidencial. Sobre él recaen todas las presiones, acusaciones y señalamientos de responsabilidad por las cifras crecientes de muertos y contagiados del Covid y por eso precisamente van a mantenerlo hasta que aguante. Si no le echan la culpa al epidemiólogo que se equivocó en todas sus proyecciones y en sus modelos de vigilancia y hasta en el método de contención de la enfermedad ¿a quién se la echarían?”.
En ese sentido es que López-Gatell, aún con todos sus errores y equivocaciones, seguirá siendo una especia de “escudo protector” para el presidente López Obrador que lo mantendrá hasta que ya no le sirva y, muy probablemente, aunque le den una salida digna en algún nuevo organismo público o en otra encomienda, la idea es que el subsecretario que sí ha tenido un enorme poder de decisión, incluso por encima del titular de Salud, Jorge Alcocer y, ni se diga del Consejo de Salubridad General que debió haber sido el que tomara las decisiones y dictara las normas según la Constitución, se lleve cuando se vaya todo el desgaste, las responsabilidades y las culpas que inevitablemente reclamarán los mexicanos doblemente dolidos y golpeados por las pérdidas humanas y por la crisis económica.
Pero mientras eso suceda y en tanto el subsecretario López-Gatell siga deteniendo los rayos y descargas políticas, evitando que éstos le lleguen al presidente, seguirá firme y conduciendo la pandemia al desastre en que se está convirtiendo. Y si resistió el embate de 9 gobernadores, incluidos los de algunos de los estados más poblados e importantes económicamente del país, quiere decir que el doctor aún le es útil al presidente, aunque desde hace rato haya dejado de serle útil al país y a los mexicanos a juzgar por la situación de la pandemia y sus dramáticos efectos.
NOTAS INDISCRETAS… El mensaje importante tras la detención del Marro en Guanajuato, más que festinar como lo hicieron el presidente López Obrador y el gobernador Diego Sinhue, es que si realmente hay voluntad y decisión de someter a los criminales y al narcotráfico en este sexenio, el caso de José Antonio Yepez debe ser el primero de otros golpes importantes que necesitan las organizaciones criminales para que no se sientan con el poder de desafiar o de rendir al Estado mexicano. Si a este sujeto que nunca pasó de ser un vulgar ladrón, al que las redes de complicidad política e ineficiencia gubernamental, le permitieron crecer hasta convertirse en un violento capo que amenazaba a los gobernantes y a la sociedad y que fue capaz de poner en jaque a una entidad productiva y pacífica como Guanajuato al mando de un grupo de violentos sicarios, se le pudo detener sin soltar un solo disparo, fue por la estrategia conjunta que durante meses llevaron a cabo las fuerzas federales, el Ejército principalmente y las policías estatales de Guanajuato. Entre las labores de inteligencia, las detenciones de su círculo operativo y familiar más cercano y, sobre todo el haberle ido minando su base social en los municipios que llegó a controlar, al final se le pudo detener y, esperemos, desarticular a su grupo. Ese es sin duda un logro sí del gobierno de López Obrador pero también de la administración de Guanajuato. Y quizás ahí esté el mayor mensaje de todo esto: ningún nivel de gobierno, ni siquiera el federal, puede solo contra la amenaza y el poderío del crimen organizado y sí no van juntos, la Federación, los estados y los municipios, con el apoyo de la sociedad, no habrá poder que les haga frente a los violentos que se sienten dueños del país…Ahora sólo falta ver si después del Marro siguen otros delincuentes que amenazan y desafían al Estado como Nemesio Oseguera “El Mencho”, porque de lo contrario parecería que con una captura tan importante como la de ayer domingo, sólo le estarían limpiando una plaza al CJNG… Al senador Napoleón Gómez Urrutia no le gustó el anuncio de la secretaria del Trabajo, Luisa María Alcalde, de que el rescate de los cuerpos de los 63 mineros muertos y enterrados en Pasta de Conchos podría tardar hasta 8 años. El líder del Sindicato Minero se reunió después del anuncio de Alcalde con las viudas de los mineros para cuestionar el plan de la secretaria y agitarlas para que acudan ante el presidente López Obrador a pedirle que revise la actuación de Luisa María. Pero de fondo también hay otros motivos para el desencuentro entre la titular del Trabajo y el senador y líder minero, pues la primera le ganó a Napoleón la partida en la designación del nuevo Centro Federal de Conciliación y Arbitraje, una de las nuevas instancias de la Reforma laboral para la cual los senadores votaron a favor de Alfredo Domínguez, el candidato de Alcalde, y desecharon a la candidata de su compañero Gómez Urrutia, María Estela Ríos. Así es que viene fuerte el pleito en el ámbito laboral y amenaza con llegarle hasta el presidente…Los dados mandan Escalera Doble. Luce buena la semana.
 
",
"
La directiva de los Rayados de Monterrey ha puesto  un ejemplo que deben seguir todos los demás equipos: Separar del plantel con todo y que tiene un partido en puerta, a esos  futbolistas indisciplinados que no tienen la inteligencia ni la capacidad de entender  lo que se vive en el mundo con Covid-19. Y si no van a participar en un juego por sus tonterías, que les sancionen también en lo económico como se hace en otras ligas. Seguramente es algo que ya están pensando, y que si hacen, no lo harán público, pero quedaría como un buen precedente de disciplina.
Claro que cada quien es libre de hacer de su vida lo que se le pegue la gana, pero cuando se trata de un trabajo en equipo, el respeto al de enfrente y a quienes te rodean debe ser una premisa básica, es inadmisible que futbolistas organicen fiestas con gente extraña de la que seguramente no tienen ni idea si está libres del virus.
Mientras, en la NBA, se tuvieron todos los cuidados, se encerraron, y si a alguien se le ocurre romper alguna regla, es llevado al aislamiento absoluto sin goce de sueldo por los juegos que se pierda; mientras que en la NFL ya son más de 41 los casos de jugadores que han renunciado a participar en la temporada por miedo a contagios, prefiriendo dejar de ganar dinero, pero tener a una familia cuidada; mientras, en la MLB cada vez existen más riesgos, y por ende mayor número de renuncias para seguir jugando la temporada de 60 partidos; mientras que en Europa se optó por que la Champions League fuera en una sola sede para evitar contagios y desplazamientos, en Monterrey los jugadores hacen reuniones y hasta con banda.
PUEDES LEER: El Tricolor quiere jugar en septiembre, pero Tata Martino está en problemas
Las imágenes y video, filtrados por supuesto por alguien que ahí estuvo y que fueron publicados por el canal Multimedios, evidencian a Hugo González, Dorlan Pabón y Diego Reyes, los dos primeros de Rayados y el tercero de Tigres, felices de la vida, en plena fiesta, con grupo musical en vivo y toda la cosa. Estas conductas deberían hacer que las directivas apliquen sanciones duras, sin miramientos, sin piedad. Si ellos no se cuidan, es su problema, pero no pueden ser un factor de riesgo para una Liga que lleva más de 130 casos de Covid-19.
En México se llegó a 47 mil 746 muertos y en Estados Unidos suman 157 mil; cifras que deberían ser dadas a conocer a estos futbolistas incultos, que seguramente piensan que por ser jóvenes y deportistas no les va a pasar nada, cuando estudios han revelado que los grupos entre 25 y 40 años están también en zona de alto riesgo, luego de que cerca del 31% de contagiados de coronavirus en hombres, está en ese rango de edad.
Terrible imagen la que circuló el domingo, un golpe a la Liga MX, a los clubes regios y a un grupo de futbolistas que fueron evidenciados por su inmadurez y que lo único que mostraron es un egoísmo brutal.
@gvlo2008[email protected]
 

 
  
",
"

Juan Rodolfo Yépez Godoy y Rodolfo Yépez Ortiz, padre y hermano de El Marro, así como José Mario Lara Mendoza, alias El Magia, podrían asumir el liderazgo del grupo criminal Santa Rosa de Lima para continuar la disputa contra el Cártel Jalisco Nueva Generación (CJNG) en Guanajuato.

De acuerdo con un informe de inteligencia de la Marina y del Ejército, al que tuvo acceso EL UNIVERSAL, la mayoría de la gente de confianza ya fue detenida por autoridades federales, entre los que destacan los hermanos Fabián y Noé Lara Barman, El Vieja y El Puma, (éste último cofundador del grupo, pero se pasó al bando del CJNG).

Según el documento, la estructura de Santa Rosa de Lima estaba conformada por 162 hombres y mujeres, entre familiares, gente de confianza, operadores financieros y el personal operativo, para el robo de hidrocarburo, venta de droga y halconeo.

Como segundos de El Marro se identifica a Fernando Juárez Morelos, El Pantera; Eliseo Gutiérrez Belman, Titis; Fabián Lara Belman, El Vieja; Noé Israel Lara Belman, El Puma; Jesús Eduardo Linares, El Triste; José Manuel Félix Azueta, El Meño; Israel Lara Ruiz Castro, El Nacaro; todos ellos detenidos.
 También lee: Detienen a “El Marro” en Guanajuato


El Marro’s father and brother will control the Santa Rosa de Lima Cartel 






 En tanto, José Mario Lara Mendoza, El Magia, no ha sido detenido. Él es hermano del alcalde de Villagrán, Juan Lara Mendoza, postulado por el partido Nueva Alianza en las elecciones locales de 2018 y quien, a su vez, es tío de los hermanos Fabián y Noé Lara.

El informe de inteligencia señala a Angélica Mora Villalobos, Angie; Adán González Ochoa, El Payki o El Gordo; María Guadalupe Ruiz Lara, Pilly, como los operadores financieros de la organización, comandados por Karen Lizbeth Yépez Ortiz, hermana de El Marro, quien se encargaba de la adquisición de propiedades. Los prestanombres eran Eduardo Aguado, Jorge Enrique Peña Cuevas, El Hulk (detenido), y Mauricio Garcés Sotelo, El Sotelo.

Según el informe, José Antonio Yépez, El Marro, tenía cuatro parejas sentimentales: María Luisa Cervantes, Luisa; Karen Molina Villalobos (detenida y luego liberada); Andrea Magdalena Cervantes Ariza, La Maga, y Elsa Marisol Martínez Prieto, La Güera, quienes le ayudaban con las tareas financieras.

Hasta ahora, más de 30 integrantes de la organización Santa Rosa de Lima han sido detenidos, tanto por autoridades federales como estatales, en diversos operativos en Guanajuato.

La organización lleva ese nombre en honor a la comunidad Santa Rosa de Lima, del municipio de Villagrán, de donde son originarios los principales integrantes.
 
 

La guerra con el CJNG

El origen de la organización criminal de Santa Rosa de Lima se remonta a 2014 cuando eran un grupo de huachicoleros, encabezado por David Rogel Figueroa, El Güero, quien era jefe de José Antonio Yépez, El Marro.

De acuerdo con las autoridades, el grupo cobró notoriedad cuando El Marro asumió el liderazgo de la organización y en octubre de 2017 le declaró la guerra al Cártel Jalisco Nueva Generación (CJNG), por el control del robo de combustible en los municipios de León, Irapuato, Salamanca, Celaya y Los Apaseos, por donde pasan ductos dePetróleos Mexicanos (Pemex); así como por la venta de droga, secuestro y extorsión.
 También lee: Este es el arsenal de ""El Marro""

De acuerdo con la más reciente información de inteligencia de la Marina y el Ejército, el CJNG tiene presencia, hasta ahora, en cinco municipios (entre ellos León y Salamanca) y le disputa los que le quedan a Santa de Rosa de Lima: Cortazar, Celaya, Apaseo el Grande y Apaseo el Alto; esto sin contar Villagrán y Juventino Rosas, sus principales bastiones.

Las autoridades, tanto federales como estatales, ligan al Cártel Jalisco Nueva Generación con la venta de droga, secuestro y extorsión en los municipios de León, Silao, Guanajuato capital, Irapuato y Salamanca, en los que hay alta actividad económica y concentración de población.

El mes pasado, el gerente de Seguridad Monitoreo y Estrategia de la Subdirección de Salvaguardia Estratégica de Petróleos Mexicanos, General Manuel García Morcillo, aseguró que el CJNG no busca apoderarse del robo de combustible.

“Del Cártel de Jalisco Nueva Generación no hemos detectado que sea su actividad principal el robo de combustible, incluso en Guanajuato, donde mantiene una disputa con el Cártel de Santa Rosa de Lima, las actividades que lleva a cabo no han sido todavía el robo de combustible”, indicó.

De acuerdo con la información de inteligencia derivada de investigaciones, el grupo criminal Santa Rosa de Lima buscó alianzas con Los Viagras (que operan en Michoacán) y con el Cártel de Sinaloa para combatir al CJNG, pero la batalla con ellos ha colocado a Guanajuato en primer lugar en homicidios dolosos en el país.
",
"
Los Servicios de Ciudadanía e Inmigración de Estados Unidos (USCIS) informaron que incrementarán las tarifas de algunos trámites migratorios para solicitar la residencia temporal o permanente en el país. 

El aumento, de 20 por ciento en el costo de solicitudes, entrará en vigor a partir del próximo 2 de octubre. Todas las solicitudes que lleguen a través del correo postal luego de esa fecha deberán tener el recibo de pago con las nuevas tarifas. 

No obstante, las personas que presenten sus formularios a través de la plataforma en línea podrán obtener un descuento de 10 dólares en la solicitud correspondiente.

El costo por reemplazar la tarjeta de residente permanente pasó de 455 dólares a a 405 dólares si se llena el formulario I-90 en línea y a 415 dólares en papel. 


Recomendamos: Embajada y consulados de EU reanudan trámites de visa de estudiante 


También se reducirá el costo del formulario I-129F para prometidos extranjeros de 535 a 510 dólares.

La Forma I-140, solicitud para trabajadores extranjeros inmigrantes, pasará de 700 a 555 dólares. 

La agencia también eliminó algunas exenciones de tarifas; cambió el tiempo límite del procesamiento premium; modificó el proceso de la adopción internacional; agregó tarifas para las solicitudes de trabajadores no inmigrantes; y limitó el número de beneficiarios para algunos formularios. 

Al incrementar las tarifas, USCIS argumentó que no ha había aumentado los costos de sus trámites desde 2016 y la mayoría de su operación se financia con el dinero recaudado de las solicitudes de inmigración legal. 

“Las tarifas actuales dejarían a la agencia con fondos insuficientes por alrededor de mil millones de dólares por año”, indicaron los Servicios de Ciudadanía e Inmigración a través de un comunicado. 


Today, we announced a final rule adjusting certain immigration fees, thereby ensuring that we recover the full cost of administering the nation’s lawful immigration system. More info: https://t.co/l3eSevwhJB pic.twitter.com/i57neGSA6w
— USCIS (@USCIS) July 31, 2020


Estas serán las nuevas tarifas de trámites de migración en Estados Unidos

Solicitud para trabajadores no inmigrantes, según el tipo de visa: 


I-129H1: de 460 a 555 dólares.



I-129H2A para beneficiarios nombrados; de 460 a 850 dólares.



I-29H2B para beneficiarios nombrados: de 460 a 715 dólares. 



I-129L: de 460 a 805 dólares. 



I-1290: de 406 a 705 dólares. 



I-129H2A para beneficiarios no designados: de 460 a 415 dólares. 



I-129 H2B para beneficiarios no designados: de 460 a 385 dólares.


 

Otros trámites que incrementan de precio:


Forma I-102, documento de arribo-salida de no inmigrante: de 445 a 485 dólares. 



Forma I-130F para familiares de extranjeros: de 535 a 550 vía online y 560 dólares en papel. 



Forma I-131 solicitud para documento de viaje: de 575 a 590 dólares. 



Forma I-131 solicitud de documento de viaje para refugiados mayores de 16 años: de 135 a 145 dólares.



Forma I-131 solicitud de documento de viaje para refugiados menores de 16 años: de 115 a 105 dólares.



Forma I-193 para solicitar el perdón migratorio para el pasaporte o la visa: de 585 a 2 mil 790 dólares.



Forma I-212 para solicitar la admisión luego de haber sido deportado o tener la visa retirada: de 930 a mil 50 dólares. 



Forma I-526, solicitud de inmigración para inversionistas extranjeros: de 3 mil 675 a 4 mil 10 dólares.



Forma I-539 para extender o cambiar el estatus de no inmigrante: de 370 a 400 dólares. 



Forma I-589 para solicitar asilo, de cero a 50 dólares. 



Forma I-600/600A para solicitud de adopciones: de 775 a 805 dólares.



Forma I-765 para solicitar autorización de trabajo (no DACA): de 410 a 550 dólares. 



Forma I-881 solicitud de suspensión de deportación: de 285 a mil 810 dólares. 



Forma N-400 solicitud de naturalización: de 640 a mil 160 dólares en línea y mil 170 en papel.



Forma N-470 para preservar la residencia con propósito de naturalización: de 355 a mil 585 dólares. 


 


Visita: ¿Por cuánto tiempo se otorga la visa de turista de Estados Unidos?


p 
",
"

En la madrugada del domingo, fue capturado en Apaseo el Alto, Guanajuato, José Antonio Yépez Ortiz, cabecilla del llamado Cártel de Santa Rosa de Lima. Van algunos apuntes sobre el hecho:

1. En primer lugar, hay que felicitar a todas las instituciones estatales y federales que participaron en esta detención. No es cosa menor: a Yépez, se le imputan gravísimos hechos. Está acusado de incontables actos de robo, secuestro, extorsión y homicidio. Había eludido varios intentos de captura y se había convertido en el símbolo perfecto de la impunidad en Guanajuato. Por donde se mire, es buena noticia que finalmente vaya a enfrentar a la justicia.

2. Esta captura fue resultado de un trabajo paciente y coordinado de múltiples instituciones federales y estatales. Eso significa que la cooperación en el terreno operativo sobrevivió a la disputa política entre el gobierno de López Obrador y las autoridades panistas del estado de Guanajuato. Eso también parece una buena noticia: es posible tener colaboración entre niveles de gobierno, aún en condiciones de conflicto político.

3. La detención de Yépez prueba que, contrario a lo señalado en repetidas ocasiones tanto por el presidente López Obrador como por el secretario Durazo, la política de decapitación de grupos criminales persiste en la actual administración federal. Eso puede ser bueno o malo, pero ciertamente hay en este tema particular más continuidad que ruptura con las prácticas de los dos gobiernos previos.

4. ¿Con esto empieza la pacificación de Guanajuato? ¿Se detiene la oleada de violencia que ha enfrentado ese estado desde hace varios años? No lo sé de cierto, pero francamente lo dudo. Después de tantos años y tantas capturas de presuntos líderes de grupos delictivos, me parece ingenuo suponer que la detención de una persona, por importante que parezca, puede tener efectos pacificadores significativos. Más bien, la experiencia apunta en el sentido contrario: una detención de este tipo tiende a desordenar el submundo criminal y tiende a provocar, al menos en el corto plazo, un incremento en el nivel de violencia.

5. ¿La captura del Marro significa que el Cartel de Jalisco Nueva Generación (CJNG) ganó la guerra y se va a quedar con la “plaza”? Me parece que leer la crisis de Guanajuato en esos términos es un reduccionismo grosero. En ese estado, como en otros, existe un ecosistema criminal complejo, con actores armados de distintos tamaños y capacidades, alimentado por múltiples fuentes de ingreso ilícito, desde el huachicol hasta la extorsión masiva, y soportado por una estructura de protección política y policial. Esa realidad estructural no desaparece por la captura del presunto jefe de uno de los grupos en disputa, por prominente o visible que resulte.

6. ¿Qué debería seguir después de este hecho? En primerísimo lugar, un proceso judicial ejemplar para Yépez, con respeto pleno a sus derechos procesales. Después de casi cuatro décadas de perseguir capos, deberíamos de saber ya que no basta con una detención para tener efectos disuasivos, que si se quiere que algo así tenga un efecto pedagógico, se requiere justicia: un proceso a prueba de balas y con máxima publicidad. Por otra parte, hay que avanzar en la reconstrucción institucional del estado: alguien como el Marro pudo florecer en Guanajuato porque las instituciones de todos los niveles eran permeables a la corrupción. Eso las hizo frágiles (y eventualmente cómplices) ante la erupción de una economía ilegal.

En resumen, celebremos la captura del Marro. Ahora trabajemos para erradicar las condiciones que hicieron posible su carrera criminal.
  

Twitter: @[email protected]
",
